name,url,header,caption
1,https://aiartgallery1234.s3.eu-central-1.amazonaws.com/1.gif,header here,caption here
2,https://aiartgallery1234.s3.eu-central-1.amazonaws.com/2.gif,header here,caption here
4,https://aiartgallery1234.s3.eu-central-1.amazonaws.com/4.gif,header here,caption here
5,https://aiartgallery1234.s3.eu-central-1.amazonaws.com/5.gif,header here,caption here
6,https://aiartgallery1234.s3.eu-central-1.amazonaws.com/6.gif,header here,caption here
8,https://aiartgallery1234.s3.eu-central-1.amazonaws.com/8.gif,header here,caption here
9,https://aiartgallery1234.s3.eu-central-1.amazonaws.com/9.gif,header here,caption here
10,https://aiartgallery1234.s3.eu-central-1.amazonaws.com/10.gif,header here,caption here
11,https://aiartgallery1234.s3.eu-central-1.amazonaws.com/11.gif,header here,caption here
13,https://aiartgallery1234.s3.eu-central-1.amazonaws.com/13.gif,header here,caption here
14,https://aiartgallery1234.s3.eu-central-1.amazonaws.com/14.gif,header here,caption here
15,https://aiartgallery1234.s3.eu-central-1.amazonaws.com/15.gif,header here,caption here
16,https://aiartgallery1234.s3.eu-central-1.amazonaws.com/16.gif,header here,caption here
19,https://aiartgallery1234.s3.eu-central-1.amazonaws.com/19.gif,header here,caption here
20,https://aiartgallery1234.s3.eu-central-1.amazonaws.com/20.gif,header here,caption here
21,https://aiartgallery1234.s3.eu-central-1.amazonaws.com/21.gif,header here,caption here
22,https://aiartgallery1234.s3.eu-central-1.amazonaws.com/22.gif,header here,caption here
23,https://aiartgallery1234.s3.eu-central-1.amazonaws.com/23.gif,header here,caption here
24,https://aiartgallery1234.s3.eu-central-1.amazonaws.com/24.gif,header here,caption here
25,https://aiartgallery1234.s3.eu-central-1.amazonaws.com/25.gif,header here,caption here
26,https://aiartgallery1234.s3.eu-central-1.amazonaws.com/26.gif,header here,caption here
27,https://aiartgallery1234.s3.eu-central-1.amazonaws.com/27.gif,header here,caption here
28,https://aiartgallery1234.s3.eu-central-1.amazonaws.com/28.gif,header here,caption here
29,https://aiartgallery1234.s3.eu-central-1.amazonaws.com/29.gif,header here,caption here
30,https://aiartgallery1234.s3.eu-central-1.amazonaws.com/30.gif,header here,caption here
31,https://aiartgallery1234.s3.eu-central-1.amazonaws.com/31.gif,header here,caption here
36,https://aiartgallery1234.s3.eu-central-1.amazonaws.com/36.gif,header here,caption here
37,https://aiartgallery1234.s3.eu-central-1.amazonaws.com/37.gif,header here,caption here
38,https://aiartgallery1234.s3.eu-central-1.amazonaws.com/38.gif,header here,caption here
39,https://aiartgallery1234.s3.eu-central-1.amazonaws.com/39.gif,header here,caption here
40,https://aiartgallery1234.s3.eu-central-1.amazonaws.com/40.gif,header here,caption here
41,https://aiartgallery1234.s3.eu-central-1.amazonaws.com/41.gif,header here,caption here
42,https://aiartgallery1234.s3.eu-central-1.amazonaws.com/42.gif,header here,caption here
43,https://aiartgallery1234.s3.eu-central-1.amazonaws.com/43.gif,header here,caption here
44,https://aiartgallery1234.s3.eu-central-1.amazonaws.com/44.gif,header here,caption here
45,https://aiartgallery1234.s3.eu-central-1.amazonaws.com/45.gif,header here,caption here
47,https://aiartgallery1234.s3.eu-central-1.amazonaws.com/47.gif,header here,caption here
49,https://aiartgallery1234.s3.eu-central-1.amazonaws.com/49.gif,header here,caption here
51,https://aiartgallery1234.s3.eu-central-1.amazonaws.com/51.gif,header here,caption here
52,https://aiartgallery1234.s3.eu-central-1.amazonaws.com/52.gif,header here,caption here
53,https://aiartgallery1234.s3.eu-central-1.amazonaws.com/53.gif,header here,caption here
54,https://aiartgallery1234.s3.eu-central-1.amazonaws.com/54.gif,header here,caption here
55,https://aiartgallery1234.s3.eu-central-1.amazonaws.com/55.gif,header here,caption here
56,https://aiartgallery1234.s3.eu-central-1.amazonaws.com/56.gif,header here,caption here
57,https://aiartgallery1234.s3.eu-central-1.amazonaws.com/57.gif,header here,caption here
58,https://aiartgallery1234.s3.eu-central-1.amazonaws.com/58.gif,header here,caption here
60,https://aiartgallery1234.s3.eu-central-1.amazonaws.com/60.gif,header here,caption here
61,https://aiartgallery1234.s3.eu-central-1.amazonaws.com/61.gif,header here,caption here
62,https://aiartgallery1234.s3.eu-central-1.amazonaws.com/62.gif,header here,caption here
63,https://aiartgallery1234.s3.eu-central-1.amazonaws.com/63.gif,header here,caption here
64,https://aiartgallery1234.s3.eu-central-1.amazonaws.com/64.gif,header here,caption here
65,https://aiartgallery1234.s3.eu-central-1.amazonaws.com/65.gif,header here,caption here
66,https://aiartgallery1234.s3.eu-central-1.amazonaws.com/66.gif,header here,caption here
67,https://aiartgallery1234.s3.eu-central-1.amazonaws.com/67.gif,header here,caption here
68,https://aiartgallery1234.s3.eu-central-1.amazonaws.com/68.gif,header here,caption here
69,https://aiartgallery1234.s3.eu-central-1.amazonaws.com/69.gif,header here,caption here
70,https://aiartgallery1234.s3.eu-central-1.amazonaws.com/70.gif,header here,caption here
71,https://aiartgallery1234.s3.eu-central-1.amazonaws.com/71.gif,header here,caption here
72,https://aiartgallery1234.s3.eu-central-1.amazonaws.com/72.gif,header here,caption here
73,https://aiartgallery1234.s3.eu-central-1.amazonaws.com/73.gif,header here,caption here
74,https://aiartgallery1234.s3.eu-central-1.amazonaws.com/74.gif,header here,caption here